,总资产利润率(%),主营业务利润率(%),总资产净利润率(%),成本费用利润率(%),营业利润率(%),主营业务成本率(%),销售净利率(%),净资产收益率(%),股本报酬率(%),净资产报酬率(%),资产报酬率(%),销售毛利率(%),三项费用比重(%),非主营比重(%),主营利润比重(%),流动比率(%),速动比率(%),现金比率(%),利息支付倍数(%),资产负债率(%),长期债务与营运资金比率(%),股东权益比率(%),长期负债比率(%),股东权益与固定资产比率(%),负债与所有者权益比率(%),长期资产与长期资金比率(%),资本化比率(%),固定资产净值率(%),资本固定化比率(%),产权比率(%),清算价值比率(%),固定资产比重(%),主营业务收入增长率(%),净利润增长率(%),净资产增长率(%),总资产增长率(%),基本每股收益(元),每股净资产(元),每股经营活动产生的现金流量净额(元),主营业务收入(万元),主营业务利润(万元),营业利润(万元),投资收益(万元),营业外收支净额(万元),利润总额(万元),净利润(万元),净利润(扣除非经常性损益后)(万元),经营活动产生的现金流量净额(万元),现金及现金等价物净增加额(万元),总资产(万元),流动资产(万元),总负债(万元),流动负债(万元),股东权益不含少数股东权益(万元),净资产收益率加权(%),应收账款周转率(次),应收账款周转天数(天),存货周转率(次),固定资产周转率(次),总资产周转率(次),存货周转天数(天),总资产周转天数(天),流动资产周转率(次),流动资产周转天数(天),经营现金净流量对销售收入比率(%),资产的经营现金流量回报率(%),经营现金净流量与净利润的比率(%),经营现金净流量对负债比率(%),现金流量比率(%),code
0,1.99,11.5,1.92,6.81,6.2,88.1,5.64,4.61,13.99,4.69,1.99,11.84,7.23,7.07,176.35,1.29,0.93,16.33,318.44,57.64,0.69,42.36,7.56,121.97,136.09,101.74,15.15,76.4,119.91,108.06,213.39,31.94,-22.97,-58.68,-26.4,-8.02,0.1,1.8,0.76,243501,30457,15086,334,787,15873,9591,2482,70368,2358,691560,340319,398632,264250,207867,4.23,2.53,106.78,2.26,0.68,0.34,119.23,792.49,0.68,399,0.29,0.1,5.13,0.18,26.63,002245
1,5.84,17.67,6.14,22.93,19.27,82.22,14.85,11.57,187.35,11.55,5.84,13.52,3.46,2.58,89.85,1.14,1.13,88.22,2565.4,49.43,2.84,50.57,12.91,131.55,97.74,100.33,20.34,74.01,125.94,88.33,223.36,38.53,13.61,21.61,12.22,12.58,1.87,9.8,-0.25,1156438,204374,222833,1262,4617,227450,171875,158675,319922,325385,2939122,1067227,1452740,933468,1485947,12.19,102.63,2.63,69.69,0.68,0.41,3.87,653.28,1.17,231.3,0.28,0.11,1.86,0.22,34.27,601021
2,4.29,36.64,4.67,106.03,96.64,61.89,72.65,7.48,365.12,7.33,4.29,38.16,27.84,39.5,37.89,0.56,0.55,38.94,676.16,41.51,-0.79,58.49,4.95,347.87,70.96,145.06,7.81,61.49,157.35,32.78,446.19,16.91,404.75,956.23,1491.42,1974.02,1.38,5.55,0.82,901276,330202,870997,343756,543,871541,247027,72505,395655,188888,15263322,1215924,6335563,2170310,3300606,7.74,5.8,46.58,38.99,0.24,0.06,6.93,4205.61,0.79,339.92,0.44,0.03,0.6,0.06,18.23,200022
3,5.01,19.06,5.4,7.7,7.15,80.69,5.32,10.85,94.9,10.49,5.01,25.3,11.74,7.5,267.3,1.23,1.21,40.28,1149.35,52.22,1.04,47.78,8.22,259.05,109.28,104.18,14.67,78.81,122.1,87.82,210.18,18.18,20.5,40.72,13.71,26.67,0.98,2.79,0.11,7877010,1501722,563595,43920,-1785,561810,431150,351129,764723,-446467,8361024,3482969,4365796,2821542,3972749,11.33,9.36,28.84,79.24,0.97,1.01,3.41,266.04,2.36,114.4,0.1,0.09,1.83,0.18,27.1,002352
4,7.5,61.83,7.66,136.41,68.63,37.72,55.86,11.55,60.93,12.75,7.5,75.85,12.06,26.43,90.26,2.06,2.06,195.64,1091.44,41.15,3.34,58.85,27.86,312.05,69.93,96.65,32.13,74.69,142.41,60.68,279.95,29.18,-4.45,-9.51,4.05,6.04,0.53,0,0.22,228050,141011,156510,41569,-274,156236,110773,109754,163478,48358,1697737,274934,698642,133311,958860,11.48,24.6,10.98,8999.15,0.14,0.14,0.03,1969.37,0.92,295.02,0.72,0.1,1.28,0.23,122.63,200429
5,6.81,60.23,6.89,82.67,46.34,38.74,33.51,19.01,114.35,17.59,6.81,14.57,14.47,-2.11,134.3,0.57,0.56,46.89,698.17,61.3,-2.47,38.7,28.08,108.34,158.4,127.18,42.05,90.01,219.46,140.91,181.15,53.44,20.29,27.2,31.57,3.2,1.12,3.84,0.36,169387,102021,78489,925,-2527,75963,55646,57478,94941,-4481,833823,125662,511134,220579,292794,20.35,17.75,15.21,31.08,3.55,0.21,8.69,1312.59,1.45,186.23,0.56,0.11,1.67,0.19,43.04,000885
6,4.37,18.01,5.01,14.47,12.28,81.93,9.66,9.88,63.87,9.89,4.37,29.19,7.82,5.59,138.59,0.71,0.69,33.91,897.14,55.77,-2.43,44.23,20.23,66.93,126.08,123.66,31.38,92.85,180.22,110.43,203.84,41.83,17.02,-13.57,29.27,44.19,0.68,4.01,1.48,1300373,234195,159635,105,9347,168982,123592,115256,205889,102459,2870541,582357,1600860,821389,1250554,12.17,32.61,8.28,65.76,0.8,0.52,4.11,520.73,2.33,115.67,0.16,0.07,1.64,0.13,25.07,603885
7,-8.74,-16.33,-8.67,-17.69,-22.6,116.17,-23.05,-38.12,-62.94,-37.97,-8.74,-8.78,11.44,0.03,72.27,0.8,0.79,6.26,-256.7,76.97,-0.41,23.03,3.51,51.42,334.29,246.44,13.21,88.06,283.97,202.77,211.3,55.97,-44.78,-282.96,-27.59,0.38,-0.63,0.78,0.02,405963,-66313,-91737,35,-25,-91761,-93538,-108301,31285,-26134,1070522,370545,824023,462300,245348,-32.09,2.83,95.42,61.24,0.55,0.38,4.41,718.28,0.98,276.16,0.08,0.03,7.64,0.04,6.77,600179
8,4.88,64.73,4.93,123.54,55.04,34.86,41.3,6.94,31.45,7.35,4.88,65.81,9.4,-0.31,117.29,0.66,0.65,31,898.98,33.69,-1.84,66.31,11.64,81.58,50.81,112.67,14.93,68.85,132.44,45.45,331.83,80.15,6.08,10.05,7.76,1.62,0.24,2.8,0.51,208986,135281,115028,-662,308,115336,66415,66230,94405,2216,1770127,215557,596372,327410,956779,7.15,2.76,97.82,40.84,0.1,0.12,6.61,2261.31,1.14,236.32,0.45,0.05,1.09,0.16,28.83,600033
9,-12.81,4.56,-11.72,-41.39,-66.66,92.61,-65.74,19.45,-8.62,25.72,-12.81,39.96,64.91,-0.65,-6.87,0.21,0.18,2.76,-221.02,456.97,-0.75,-356.97,7.44,272.58,-128.01,119.97,14.8,64.97,-20.15,-37.81,139.65,19.69,-97.17,-143.77,-228.75,-80.6,-0.09,1.81,0.4,13841,631,-9227,19,41,-9186,-9007,-9036,-1814,-690,71023,19928,324553,95869,-260406,0,3.81,70.88,5.55,0.46,0.18,48.61,1514.3,0.57,474.77,-0.13,-0.03,1.64,-0.01,-1.89,002711
10,2.29,46.27,2.4,38.14,26.35,52.58,19.89,3.33,9.72,3.08,2.29,57.48,15.13,2.05,176.14,2.52,2.51,98.07,725.2,25.81,0.12,74.19,2.84,50.26,34.79,80.18,3.69,73.23,83.25,24.28,505.58,0,3.42,-19.95,2.03,7.65,0.1,0,0.91,19790,9156,5216,124,-18,5198,4221,3571,9541,4022,172082,65797,44412,26108,126713,3.35,3.08,87.79,37.78,0.24,0.12,7.15,2236.95,0.35,777.2,0.48,0.06,2.42,0.21,36.54,002492
11,0.21,30.83,0.2,7.95,24.35,68.09,1.92,0.22,0.76,0.22,0.21,29.85,6.64,-304.15,511.55,3.48,3.33,202.36,-416.24,7.32,12.6,92.68,1.85,151.28,7.89,100.82,2.24,72.98,83.17,7.11,490.84,63.07,12.09,-86.66,20.3,7.75,0.01,0.1,0.08,57237,17643,13939,4,-10490,3449,1101,11380,11374,29525,532981,122150,38994,35112,493988,0.22,4.81,56.08,7.15,0.11,0.1,37.74,2618.82,0.4,678.39,0.2,0.02,10.33,0.29,32.39,000557
12,2.1,58.45,2.09,52.48,34.43,40.76,25.44,3.91,10.3,3.53,2.1,61.43,23.98,-0.11,169.95,1.92,1.92,186.91,333.1,40.48,4.38,59.52,31.95,102.44,68.02,92.7,34.93,73.71,142.46,66.98,250.34,0,-12.2,-35.19,3.67,-0.76,0.1,1.16,0,54678,31959,18826,-336,-21,18804,14119,14153,33542,48625,661103,100583,267643,52320,360907,3.96,28.93,12.44,209.81,0.22,0.08,1.29,3276.7,0.57,476.27,0.61,0.05,2.41,0.13,64.11,601518
13,4.29,36.64,4.67,106.03,96.64,61.89,72.65,7.48,365.12,7.33,4.29,38.16,27.84,39.5,37.89,0.56,0.55,38.94,676.16,41.51,-0.79,58.49,4.95,347.87,70.96,145.06,7.81,61.49,157.35,32.78,446.19,16.91,404.75,956.23,1491.42,1974.02,1.38,5.55,0.82,901276,330202,870997,343756,543,871541,247027,72505,395655,188888,15263322,1215924,6335563,2170310,3300606,7.74,5.8,46.58,38.99,0.24,0.06,6.93,4205.61,0.79,339.92,0.44,0.03,0.6,0.06,18.23,000022
14,5.19,32.79,5.39,20.3,16.38,66.48,14.26,7.36,23.78,7.26,5.19,32.69,13.54,8.4,200,3.15,2.43,33.17,-18313.47,28.53,,71.47,,1108.38,39.93,,,53.3,22.78,37.14,,6.82,4.08,0.18,5.64,11.77,0.24,5.3,0.8,50148,16444,8212,681,10,8222,7230,6231,-5785,-21813,137819,115379,39325,36578,98185,7.42,1.71,158.14,1.23,4.32,0.38,220.32,714.1,0.46,587.08,-0.12,-0.04,-0.81,-0.15,-15.81,603066
15,2.89,15.48,2.95,9.74,8.95,83.83,6.82,4.98,34.59,4.98,2.89,21.35,7.95,8.98,171.83,2.39,2.16,98.95,1267.59,42.01,0.38,57.99,11.12,52.47,72.43,71.46,16.09,51.69,85.17,55.66,278.79,38.95,2.42,29.25,6.02,4.66,0.33,3.34,1.04,169402,26223,15162,1271,99,15261,10932,9809,1892,-2456,399873,202360,167969,84605,219663,5.15,46.96,5.75,6.2,0.91,0.43,43.56,624.86,0.83,326.44,0.01,0,0.16,0.01,2.24,002627
16,6.64,12.18,6.79,8.91,8.17,87.52,6.41,10.92,48.74,10.72,6.64,12.33,4.27,3.87,148.45,1.71,1.69,75.65,4414.81,38.03,0.0,61.97,0.0,197.7,61.37,27.55,0.0,81.45,100.73,35.55,670.66,31.01,16.07,9.19,23.24,36.75,0.49,6.1,0.26,2161615,263231,176686,6228,639,177325,137647,134091,198075,-60324,2086845,784240,793633,459704,1260495,11.41,16.72,16.15,317.13,2.42,1.06,0.85,255.03,2.6,103.96,0.09,0.09,1.43,0.25,43.09,600233
17,2.67,26.24,2.72,24.59,20.43,73.18,15.49,4.57,19.38,4.39,2.67,28.6,8.88,7.75,129.1,0.55,0.53,18.16,490.4,39.19,-1.1,60.81,11.09,133.79,64.44,121.84,15.42,55.5,144.05,55.25,251.47,44.89,0.09,-2.86,9.58,5.47,0.17,2.87,0.05,384670,100931,78583,6460,-400,78183,53505,46495,93630,-2680,2233466,277004,875265,502742,1169859,4.64,5.61,48.1,28.25,0.25,0.18,9.56,1539.34,1.38,196.05,0.24,0.04,1.57,0.11,18.62,600017
18,4.42,36.57,4.46,37.96,27.51,62.84,20.42,4.71,17.63,4.71,4.42,33.85,9.07,0.34,132.88,7.37,7.31,701.98,-2199.49,6.22,0.01,93.78,0.31,119.73,6.63,63.6,0.33,59.86,63.81,6.14,1718.03,59.08,4.74,-17.17,1.83,1.02,0.18,0,0.64,85531,31279,23531,71,8,23539,17467,17435,28664,14527,395621,158894,24615,21549,371006,4.69,33.88,7.97,35.8,0.85,0.22,7.54,1236.83,0.57,474.1,0.34,0.07,1.64,1.16,133.02,002320
19,1.52,14.44,1.67,5.25,4.64,85.33,3.91,6.24,37.23,5.81,1.52,11.65,13.02,19.38,279.03,0.19,0.17,1.35,184.49,73.89,-0.03,26.11,0.79,92.02,282.93,350.74,2.94,53.21,361.36,115.81,326.66,27.44,7.14,-5.97,-1.27,20.92,0.33,3.34,0.27,11666500,1684800,541800,55000,62000,603800,407800,360100,2477600,-619000,30101600,1695600,22240800,8865300,6531500,6.26,36.1,7.48,52.15,0.58,0.43,5.18,633.8,5.69,47.48,0.21,0.08,5.43,0.11,27.95,600029
20,4.47,26.7,4.64,47.51,43.36,67.72,33.46,7.59,31.61,7.74,4.47,33.58,17.85,20.11,61.65,1.83,1.12,37.8,1341.36,42.29,0.12,57.71,3.11,438.16,73.29,69.36,5.12,66.54,73.1,60.17,266.01,13.16,-4.64,21.52,4.92,6.51,0.29,3.48,0.03,223351,69919,96851,19584,-132,96719,69249,25255,-63447,-56748,1672506,966934,707330,528723,912858,7.76,15.72,17.18,0.45,0.73,0.14,594.58,1948.05,0.26,1026.23,-0.28,-0.04,-0.85,-0.09,-12,600611
21,2.37,18.15,2.32,16.01,13.78,78.93,10.54,3.62,29.71,3.84,2.37,22.04,5.94,5.89,129.13,0.42,0.41,22.49,1736.74,38.25,-0.12,61.75,2.31,76.22,61.94,135.09,3.61,71.59,140.15,56.23,282.27,81.62,0.51,-34.57,1.2,-7.16,0.28,6.48,0.19,583312,105854,80353,3206,1621,81974,57288,52172,244441,-39318,2593088,348793,991779,840423,1584457,3.57,4.78,56.44,75.01,0.18,0.22,3.6,1226.72,1.6,168.41,0.42,0.09,3.98,0.25,29.09,600004
22,5.77,13.9,5.99,8.29,7.58,85.48,6.32,7.56,55.21,7.55,5.77,16.48,4.66,-0.76,184.69,2.18,2.18,31,1806.15,23.58,0.05,76.42,1.25,184.8,30.85,65.5,1.66,75.65,63.63,30.78,360.25,40.16,27.65,19.79,6.88,14.86,0.56,5.25,0.64,78404,10895,5944,147,-45,5899,4954,4941,4093,-820,85926,44139,20259,20215,65489,7.85,2.77,97.39,1645.9,1.51,0.95,0.16,284.93,1.9,141.9,0.05,0.05,0.83,0.2,20.25,603813
23,11.34,11,12.17,12.02,10.79,88.57,8.99,15.53,179.26,15.07,11.34,10.52,0.75,5.38,101.93,3.18,2.98,90.95,-3512.72,24.74,,75.26,,942.48,32.87,,,58.33,29.29,32.6,,7.91,2.13,25.5,21.76,13.78,1.78,8.99,0.05,312540,34369,33729,1825,-11,33718,27966,25888,31533,6480,247886,193244,61329,60813,180068,16.29,16.41,16.46,21.22,13.47,1.35,12.72,199.53,1.72,156.99,0.1,0.13,1.12,0.51,51.85,603871
24,8.93,25.11,9,36.98,28.15,74.54,22.08,10.85,88.93,11.03,8.93,54.42,1.1,14.22,89.37,1.98,1.89,98.03,18511.63,19,0.6,81,6.24,125.01,23.45,90.6,7.15,75.79,97.58,20.77,559.64,71.31,5.3,9.1,12.96,11.33,0.81,0,0,5987252,1503528,1685608,242552,-3306,1682302,1208847,1207616,1102229,-312764,14798157,3101237,2811162,1565654,11140693,11.14,8.81,30.65,29.43,0.41,0.41,9.17,662.74,1.94,138.9,0.18,0.07,0.83,0.39,70.4,601006
25,-2.66,16.95,-2.59,-5.5,-6.67,82.8,-7.36,-64.09,-13.55,-16.03,-2.66,16.1,22.02,-8.79,-293.49,0.56,0.53,12.61,9.76,83.38,-0.2,16.62,6.52,79.4,501.53,249.69,28.16,73.77,347.57,491.43,112.88,22.26,-33.81,231.0,-64.65,-26.16,-0.18,2.43,-0.21,56620,9597,-3774,-216,504,-3270,-5464,-5915,-3201,-7120,156386,66023,130388,117571,8526,-48.73,1.44,187.64,13,1.04,0.35,20.77,768.14,0.81,331.9,-0.06,-0.02,2.25,-0.02,-2.72,600119
26,4.13,15.94,4.4,10.97,10.7,84,9.08,15.02,60.93,15.02,4.13,11.62,11.48,-1.37,152.05,1.1,1.07,34.68,341.66,72.49,4.15,27.51,12.6,56.96,263.55,166.57,31.41,78.65,242.86,155.44,230.68,46.44,28.64,85.05,17.53,17.01,0.61,3.19,1.9,403351,64277,43146,295,-873,42273,36606,37402,64281,3965,886313,294228,642519,267308,243795,16.07,4.34,62.18,43.37,0.64,0.48,6.23,557.16,1.49,180.63,0.16,0.07,1.76,0.1,24.05,002928
27,0.32,1.54,0.32,0.1,0.13,98.27,0.11,0.1,1.92,0.49,0.32,1.98,1.85,68.69,1509.98,1.32,1.27,39.86,162.71,36.05,0.43,63.95,7.35,185.87,56.38,77.64,10.79,59.75,83.89,54.84,240.67,38.95,30.34,-92.0,-2.19,-5.01,0,3.65,1.16,514493,7918,645,481,-121,524,103,-1010,-2621,3818,171241,79376,61739,60056,102384,0.1,32.48,8.31,149.73,5.75,3.04,1.8,88.8,6.85,39.39,-0.01,-0.02,-4.84,-0.04,-4.36,603223
28,3.98,6.29,4.01,4.59,4.4,93.47,3.21,6.58,29.71,6.54,3.98,6.99,2.1,1.12,143.14,2.19,1,39.03,2271.86,39.2,0.15,60.8,4.1,152.47,64.48,75.17,6.32,66.15,80.24,45.23,349.37,39.45,0.31,-4.79,6.04,2.73,0.3,3.27,0.05,1207943,76025,53161,644,-48,53113,38844,37301,43069,-22933,975047,499379,382253,228139,590513,6.69,47.4,5.7,4,2.05,1.25,67.58,216.07,2.42,111.77,0.04,0.04,1.11,0.11,18.88,600125
29,11.43,54.73,12.35,139.94,64.3,45.2,50.64,12.9,215.72,13.26,11.43,56.37,0.64,15.83,85.17,2.36,2.36,189.47,-3621.42,13.81,0.0,86.19,0.0,365.87,16.03,112.27,0.0,43.56,78.22,16,1450.88,24.64,18.95,26.98,13.42,21.75,2.07,8.41,0.15,820778,449173,527769,83904,-404,527365,399452,394918,370421,73801,3636893,1185073,502324,501574,3096873,13.4,5.37,50.31,225.19,0.65,0.24,1.2,1107.01,0.73,369.86,0.45,0.1,0.89,0.74,73.85,600009
30,0.84,33.73,0.85,4.79,4.8,65.66,3.32,1.44,5.14,1.57,0.84,54.35,31.14,36.67,723.52,1.16,1.08,20.45,184.35,46.72,2.66,53.28,13.23,249.02,87.69,94.79,19.9,73.15,118.33,84.86,202.8,0,-3.77,-40.31,3.08,-1.27,0.05,0.82,1.17,69070,23298,3319,1280,-99,3220,2069,132,1601,-3095,274498,101437,128250,87780,143441,1.45,1.12,240.3,8.27,1.25,0.26,32.63,1055.92,0.7,385.66,0.02,0.01,0.7,0.01,1.82,300013
31,0.89,11.24,0.91,3.39,3.28,88.47,2.67,2.34,7.61,2.37,0.89,12.22,9.03,17.48,338.84,0.22,0.18,5.42,145.51,62.45,-0.55,37.55,15.74,70.07,166.34,172.64,29.53,76.09,245,139.23,187.18,51.66,31.11,29.03,3.77,-0.02,0.07,2.63,0.05,571999,64270,18758,3106,210,18968,14843,10122,43322,-13328,1715693,137503,1071523,626893,633001,2.36,25.26,10.69,27.2,0.38,0.34,9.93,794.12,4.65,58.01,0.08,0.03,2.84,0.04,6.91,900952
32,1.33,9.13,1.34,0.75,0.76,90.56,0.6,2.87,11.62,2.87,1.33,48.98,9.37,43.19,1211.73,1.15,1.14,36.29,238.54,53.73,-0.14,46.27,5.75,57.03,116.12,2304.99,263.93,79.79,90.81,109.34,103.84,36.75,14.93,-75.7,2.94,-2.03,0.12,3.35,1.48,1844729,168453,13945,6048,-43,13902,11153,-9118,-2895,-121779,841083,487693,451910,425534,389173,2.76,11.25,23.99,736.85,2.74,2.22,0.37,121.71,3.63,74.39,-0,-0,-0.26,-0.01,-0.68,603056
33,5.54,36.55,5.46,46.59,32.73,62.51,25.42,6.87,13.42,6.83,5.54,37.75,6.82,8.02,111.67,3.02,2.99,246.78,1258.31,18.82,0.23,81.18,3.81,130.62,23.19,88.83,4.48,57.8,93,14.69,783.23,61.85,6.25,47.07,8.41,-1.85,0.13,4.39,0.02,341779,124927,111863,8963,13,111876,83695,82794,136448,-11211,1567514,384114,295026,127226,1217430,6.88,11.01,24.53,54.57,0.24,0.21,4.95,1258.15,0.88,308.36,0.4,0.09,1.57,0.46,107.25,600317
34,6.9,57.98,7.22,126.77,62.08,40.92,48.61,12.86,72.33,11.48,6.9,59.56,6.89,16.2,93.53,0.79,0.33,6.26,1415.68,39.89,-4.44,60.11,15.39,1736.02,66.35,115.41,20.38,37.86,144.95,52.77,200.22,3.36,-1.9,-2.43,8.69,13.08,0.71,3.78,0.16,749641,434664,465348,75910,-599,464749,355898,350999,437686,-3860,5277969,678785,2105129,861901,2767092,13.06,18.4,14.67,0.77,2.71,0.15,351.38,1818.18,1.18,228.47,0.58,0.08,1.2,0.21,50.78,600377
35,2.63,19.08,2.85,9.59,8.97,80.74,7.38,7.21,52.34,7.48,2.63,28.22,13.5,11.53,210.58,0.33,0.29,10.95,260.2,64.81,-0.03,35.19,0.51,9.03,184.15,256.24,1.42,66.03,259.93,75.56,371.2,75.08,0.19,-0.3,-1.53,14.42,0.49,0,0,10307717,1966217,924111,98087,9596,933706,676209,655679,3010349,83668,28900762,2462925,18729807,7538059,9384942,7.45,16.1,16.77,37.94,0.47,0.39,7.12,697.67,4.26,63.33,0.29,0.1,3.96,0.16,39.94,601111
36,-1.77,6.12,-1.6,-1.37,-1.68,93.69,-1.48,-2.58,-15.12,-2.69,-1.77,6.84,4.75,-47.69,-452.27,2.25,1.78,57.14,-297.58,34.18,,65.82,,804.96,51.92,,,41.85,35.33,51.91,,9.14,14.16,-142.57,-6.97,0.31,-0.13,,-0.26,135094,8273,-2271,430,442,-1829,-1756,-2543,-960,-4696,112892,86638,38583,38576,68063,-2.48,7.16,37.72,5.79,10.5,1.08,46.65,248.99,1.31,206.44,-0.01,-0.01,1.3,-0.02,-2.49,603329
37,2.43,7.49,2.38,3.07,3.35,92.12,2.45,5.71,31.21,4.9,2.43,6.79,4.2,-2.26,252.64,1.89,1.63,16.36,294.72,50.33,0.07,49.67,2.66,1368.16,101.34,35.72,5.08,57.23,37.63,92.19,216.77,3.52,45.64,1763.72,5.23,-3.64,0.36,4.83,0.82,95262,7138,3196,306,-370,2825,2665,2512,-6155,-3252,95860,77944,48248,41342,46709,5.86,3.55,76.03,10.1,15.97,0.97,26.73,277.83,1.2,225,-0.06,-0.06,-2.64,-0.13,-14.89,002800
38,2.73,20.47,2.8,14.51,13.16,79.19,10.4,4.09,48.75,4.4,2.73,19.47,11.46,34.33,155.05,0.98,0.95,60.43,576.78,37.86,-28.31,62.14,14.36,141.19,60.93,101.29,18.77,62.03,124.69,60.15,228.16,42.83,-0.02,-0.74,5.29,4.34,0.38,7.27,0.2,942444,192945,124007,42292,434,124442,67413,59467,166814,19084,3583760,806936,1356845,825111,1649960,4.16,5.39,50.11,30.44,0.4,0.27,8.87,1003.34,1.2,225.32,0.18,0.05,1.7,0.12,20.22,600717
39,1.01,18.28,1.03,10.01,10.41,76.98,10.94,1.25,5.23,1.22,1.01,22.29,36.69,113.67,154.24,12.35,12.32,181.38,-613.93,17.62,0.16,82.38,1.16,356.69,21.38,167.01,2.78,48.19,60.02,4.97,372.06,22.65,-25.13,57.57,58.18,68.19,0.05,2.44,-0.06,7648,1398,796,920,111,907,857,-1129,5250,-3792,82994,41954,14620,3397,68334,1.25,10.83,24.92,56.3,0.25,0.09,4.8,2875.4,0.19,1423.3,0.69,0.06,6.27,0.36,154.55,603032
40,5.39,29.79,5.32,41.14,33.66,69.35,28.44,8.41,32.65,8.47,5.39,41.09,11.18,39.64,88.98,2.61,1.81,137.29,1407.74,36.31,0.66,63.69,12.09,134.62,57.02,92.72,15.96,63.66,110.33,36.87,382.23,38.57,2.02,26.43,15.63,-7.75,0.29,0,0,2661000,792772,895753,357978,-4771,890983,676694,643001,398143,-792806,14031832,4172901,5095593,1597849,8049356,8.64,9.01,29.95,1.5,0.14,0.19,180.1,1444.62,0.59,454.39,0.15,0.03,0.53,0.08,24.92,600018
41,6.88,68.11,7.21,261.79,84.54,31.43,68.07,11.95,80.33,11.71,6.88,68.44,0.46,21.45,80.41,1.71,1.71,165.65,-3158.89,41.26,0.91,58.74,14.27,472.63,70.25,85.19,19.55,40.44,105.89,61.99,269.01,12.01,0.29,17.09,16.05,16.79,0.8,3.18,0.4,122667,83545,103705,22100,190,103895,83342,82965,158812,190635,1214459,459092,501137,268862,697130,12.32,52.44,5.15,2.08,0.53,0.11,172.74,2547.17,0.36,754.19,1.29,0.13,1.9,0.32,59.07,000828
42,9.29,41.51,9.1,67.01,40.8,55.85,30.79,10.99,138.57,10.76,9.29,43.12,2.63,4.04,101.34,2.19,2.19,71.66,-55341.63,13.68,0.0,86.32,0.0,132.06,15.85,83.33,0.0,60.41,82.2,15.38,1020.0,63.86,0.99,4.15,3.4,-1.03,1.34,7.81,0.3,134037,55636,54688,2006,212,54899,39768,37997,53294,-577,444390,129060,60796,58982,361719,10.96,5.11,52.84,2957.44,0.32,0.3,0.09,913.71,1.02,263.88,0.4,0.12,1.29,0.88,90.36,600897
43,4.02,21.67,4.04,17.97,18.12,77.19,15.58,8.78,33.76,8.25,4.02,50.85,23.78,68.33,118.06,0.34,0.34,14.03,716.74,51.22,-0.25,48.78,5.49,91.6,105.01,163.39,10.12,63.46,181.78,78.97,238.48,22.7,-5.69,99.68,5.27,-1.78,0.33,0,0.07,67917,14716,12305,8358,160,12465,10318,10361,20705,-1000,263066,29815,134749,86894,117517,9.04,8.77,30.8,530.76,0.29,0.26,0.51,1042.07,2.29,117.93,0.3,0.08,1.96,0.15,23.83,002357
44,1.63,19.8,1.65,5.74,5.54,78.92,4.1,2.98,10.4,2.89,1.63,22.08,17.5,13.31,352.94,0.86,0.84,51.46,-832.72,43.66,-0.06,56.34,0.69,155,77.5,131.74,1.33,41.66,121.23,65.74,192.8,35.9,-2.46,-35.99,1.95,5.91,0.11,2.95,0.99,80276,15896,4448,543,56,4504,3360,2452,12490,-8290,201679,63934,88054,74701,112689,3,12.73,21.21,29.27,0.81,0.4,9.22,668.48,1.21,222.79,0.16,0.06,3.8,0.14,16.72,603069
45,6.19,33.31,6.39,64.39,44.22,65.83,35.98,9.97,49.58,9.99,6.19,34.65,2.28,28.23,75,1.82,1.81,104.09,-2043.52,38.09,0.02,61.91,0.35,234.21,61.52,95.46,0.57,64.68,96.01,36.5,425.62,25.27,3.76,5.3,14.47,11.56,0.46,4.19,0.2,894316,297874,395482,110445,1697,397180,294509,285274,159292,32656,5201480,2109699,1981199,1157052,2953926,10.26,3.93,68.76,32.13,0.44,0.18,8.4,1521.13,0.45,595.76,0.18,0.03,0.5,0.08,13.77,601298
46,3.59,87.83,3.56,196.36,140.06,11.31,129.51,6.24,19.07,6.24,3.59,88.62,59.14,67.62,62.73,1.59,1.26,104.56,389.62,42.52,2.31,57.48,23.02,1272.74,73.98,90.73,28.6,61.69,127.08,69.61,249.94,4.49,-1.53,7.0,3.81,-2.22,0.19,2.33,0.05,17795,15630,24923,16856,-8,24915,23046,17140,29233,49633,642237,173139,273089,109098,369148,6.39,1.99,135.91,0.06,0.51,0.03,4712.04,9818.18,0.12,2313.62,1.64,0.05,1.27,0.11,26.8,600106
47,0.36,10.94,0.35,1.7,1.5,88.94,1.26,1.14,4.22,1.03,0.36,9.43,13.61,72.74,625.35,0.44,0.43,33.02,120.24,65.01,-0.01,34.99,0.23,97.42,185.77,209.88,0.65,66.4,211.27,171.89,165.72,35.82,7.88,-8.07,-6.27,4.77,0.04,3.95,0.16,5647957,618013,84996,58053,13830,98827,61184,13298,453307,217582,19688871,5133020,12799032,11797286,5359042,1.14,16.35,16.52,281.94,0.5,0.28,0.96,959.83,1.06,254.41,0.08,0.02,6.39,0.04,3.84,600221
48,0.89,23.64,0.91,13.06,13.8,75.85,12.68,5.44,11.12,5.44,0.89,21.97,29.11,119.47,171.71,0.59,0.57,52.42,161.12,83.72,-2.47,16.28,36.91,41.38,514.43,147.26,69.4,67.79,481.26,451.85,135.85,39.89,-22.36,50.56,42.99,8.39,0.11,2.21,-0.06,1018293,240749,140517,167815,-312,140204,129111,115161,433173,-203050,14588025,3161845,12213781,5343128,2374244,6.06,7.74,34.89,7.58,0.12,0.07,35.6,3760.45,0.33,819.92,0.43,0.03,3.36,0.04,8.11,601866
49,4.25,44.17,4.32,96.24,71.05,55.23,65.63,6.88,59.7,6.96,4.25,45.04,18.33,65.01,61.9,2.34,2.04,153.09,669,38.93,1.79,61.07,15.82,1923.19,63.75,109.99,20.57,65.79,138.47,36.7,248.39,3.07,24.51,9.76,6.28,4.31,0.54,,,562037,248275,399326,258972,1778,401104,332135,330355,216506,160584,8679995,1339690,3379091,572478,4826400,7.09,3.18,84.88,1.99,1.35,0.07,135.62,4103.34,0.45,601.74,0.39,0.02,0.59,0.06,37.82,001965
50,0.36,3.94,0.36,2.59,2.6,94.95,1.25,0.37,9.42,1.26,0.36,6.16,19.09,14.36,132,0.39,0.36,16.35,155.63,71.02,-0.02,28.98,0.86,74.42,245.09,257.28,2.89,54.44,264.94,208.97,132.43,39.35,-10.62,-21.19,0.8,1.18,0.02,4.76,0.78,178523,7039,4641,75,691,5332,527,-5722,19712,3160,613003,142372,435366,365912,142088,0.37,5.35,50.46,13.12,0.5,0.29,20.57,930.07,1.24,217.34,0.11,0.03,8.83,0.05,5.39,600561
51,2.62,48.08,2.63,38.66,29.72,50,22.73,3.89,25.65,3.79,2.62,68.27,25.04,10.8,161.57,1.22,1.21,45.17,459.09,31.08,6.09,68.92,15.91,96.8,45.1,100.98,18.76,53.57,124.29,40.11,267.53,74.66,5.22,-17.15,3.94,1.3,0.21,1.43,0,54614,26257,16229,1733,23,16251,10322,8836,21751,9940,474600,68060,147522,55661,265251,3.96,5.26,51.33,47.8,0.69,0.12,5.65,2333.62,0.86,312.39,0.4,0.05,1.75,0.15,39.08,002040
52,3.17,22.99,3.33,16.66,14.39,76.57,11.51,5.62,14.29,5.62,3.17,41.26,11.48,10.13,155.91,1.04,0.87,39.82,848.48,43.61,14.05,56.39,9.37,91.31,77.33,125.84,14.25,60.79,146.75,46.02,321.27,63.54,13.96,4.57,10.27,23.35,0.12,1.82,0.22,768582,176693,110568,8712,2765,113333,73680,62245,234275,54674,2793990,481838,1218413,463202,1311147,5.73,8.46,31.91,9.89,0.12,0.29,27.3,933.29,1.89,142.62,0.3,0.08,2.65,0.19,50.58,601228
53,3.11,45.64,3.17,44.27,30.82,54,24.97,7.3,38.21,7.2,3.11,44.08,15.62,2.28,147.34,1.72,1.31,105.26,391.89,56.83,3.39,43.17,32.5,82.58,131.63,101.92,42.95,82.66,178.66,106.03,73.52,77.35,8.24,22.12,8.47,5.85,0.37,0,0,467911,213564,144220,2582,728,144947,111725,110234,145417,24361,3758660,859623,2135974,498902,1531221,7.47,18.05,14.96,1.3,0.13,0.13,208.33,2129.34,0.58,464.64,0.31,0.04,1.24,0.07,29.15,601107
54,1.55,3.68,1.65,2.09,2.03,96.16,1.43,2.58,28.36,3.99,1.55,4.24,2.52,20.61,177.95,0.82,0.49,10.17,347.21,61.17,-1.2,38.83,10.16,109.72,157.51,123.85,20.73,71.9,156.25,149.24,154.28,34.99,7.61,84.55,4.86,13.8,0.13,3.52,0.47,1055984,38848,21389,4057,442,21831,7127,429,14399,4382,971392,381997,594168,464284,276701,2.61,11.86,22.76,7.85,1.97,1.16,34.41,233.52,3.17,85.07,0.01,0.01,0.96,0.02,3.1,000905
55,0.36,10.94,0.35,1.7,1.5,88.94,1.26,1.14,4.22,1.03,0.36,9.43,13.61,72.74,625.35,0.44,0.43,33.02,120.24,65.01,-0.01,34.99,0.23,97.42,185.77,209.88,0.65,66.4,211.27,171.89,165.72,35.82,7.88,-8.07,-6.27,4.77,0.04,3.95,0.16,5647957,618013,84996,58053,13830,98827,61184,13298,453307,217582,19688871,5133020,12799032,11797286,5359042,1.14,16.35,16.52,281.94,0.5,0.28,0.96,959.83,1.06,254.41,0.08,0.02,6.39,0.04,3.84,900945
56,4.77,11.58,4.82,4.79,4.57,88.33,3.69,6.36,26.35,6.55,4.77,6.56,7.15,0.35,253.02,2.69,2.55,79.76,-4433.7,27.25,0.02,72.75,0.73,439.88,37.45,41.4,0.99,54.16,41.81,36.59,364.17,8.04,5.4,0.03,2.34,-0.14,0.25,1.95,0.51,722657,83718,32994,22,93,33087,25570,25595,16830,-2292,559320,389173,152406,144832,402296,6.42,3.67,73.55,44.29,4.14,1.31,6.1,206.86,1.89,142.5,0.02,0.03,0.63,0.11,11.62,603128
57,4.93,20.09,5.32,16.7,14.53,79.44,12.7,6.86,72.27,6.87,4.93,21.63,7.04,16.11,138.32,2.2,1.7,56.25,-17956.07,28.32,,71.68,,460.72,39.51,,,77.27,56.21,37.95,,15.91,10.11,5.24,7.59,21.69,0.72,6.94,0.32,85610,17197,12440,2010,-7,12433,10808,9101,12610,7655,220583,131703,62470,59999,157511,7.06,4.12,65.53,3.1,1.58,0.42,87.06,644.39,0.69,393.64,0.15,0.06,1.16,0.2,21.02,603535
58,3.35,7.51,3.36,7.08,5.15,91.7,6.31,5.92,14.56,5.31,3.35,51.74,5.15,48.42,108.6,1.34,1.21,26.43,468.11,36.88,1.05,63.12,9.72,79.2,58.43,87.27,13.34,64.77,100.7,58.42,241.46,82.2,13.16,34.21,4.87,-0.38,0.14,1.43,0,897286,67371,46187,14188,15846,62033,54873,19828,141733,23167,1689066,615507,622940,458692,926459,6.12,9.99,27.02,12.99,0.46,0.53,20.78,506.57,1.86,144.91,0.16,0.08,2.5,0.23,30.9,600575
59,1.33,10.76,1.43,3.71,3.7,89.07,3.16,6.87,28.75,5.46,1.33,10.91,9.53,46.58,293.67,0.96,0.91,51.29,209.7,75.58,-26.46,24.42,30.83,63.35,309.56,132.47,55.8,73.46,299.71,240.88,164.86,38.73,35.9,65.49,17.36,15.99,0.18,2.26,-0.29,11161729,1201224,412465,193950,-3420,409045,211627,188878,1500205,395607,26430502,7088971,19977139,7396892,3080458,7.31,12.18,22.16,25.38,0.69,0.45,10.64,595.63,1.7,158.67,0.13,0.06,4.26,0.08,20.28,601919
60,5.02,17.9,5.11,20.39,17.48,80.48,14.2,7.54,20.44,6.79,5.02,43.49,4.68,21.13,101.18,1.39,1.33,62.31,2855.29,26.12,0.56,73.88,4.23,71.82,35.35,93.37,5.42,82.96,98.72,32.13,387.99,58.25,18.85,13.87,7.55,6.22,0.21,2.18,0.25,852972,152687,149058,30034,1850,150908,125312,125844,25005,-64154,2413095,653054,630265,470749,1661115,7.73,10.14,26.64,17.13,0.33,0.36,15.77,750.63,1.35,200.62,0.03,0.01,0.21,0.04,5.31,601000
61,0.67,12.61,0.66,2.98,2.83,86.85,2.14,2.05,11.55,1.95,0.67,27.64,13.53,12.85,420.03,1.11,0.94,15.1,166.08,65.61,2.52,34.39,13.18,110.66,190.81,99.76,27.7,56.49,137.99,175.95,152.03,25.99,-3.26,-45.41,1.56,13.86,0.1,2.58,0.55,302835,38195,8558,633,536,9093,5809,5356,6566,4429,967905,508632,635075,458092,283793,2.03,1.83,147.88,4.73,0.7,0.31,57.12,871.81,0.58,468.42,0.02,0.01,1.01,0.01,1.43,002682
62,2.17,10.85,2.38,8.42,8.32,88.3,5.7,4.54,15.34,4.36,2.17,10.26,10.67,101.22,129,0.92,0.8,32.28,2054.01,50.29,0,49.71,0,214.87,101.19,118.62,0,54.46,113.47,95.35,163.76,23.5,-5.22,306.96,3.48,22.03,0.15,2.83,0.07,283232,30726,23573,23864,245,23818,15291,-585,20846,38617,744880,324749,374636,353017,336581,4.6,15.49,17.43,5.57,1.05,0.42,48.51,646.55,1.16,232.18,0.07,0.03,1.29,0.06,5.91,600662
63,4.29,36.64,4.67,106.03,96.64,61.89,72.65,7.48,365.12,7.33,4.29,38.16,27.84,39.5,37.89,0.56,0.55,38.94,676.16,41.51,-0.79,58.49,4.95,347.87,70.96,145.06,7.81,61.49,157.35,32.78,446.19,16.91,404.75,956.23,1491.42,1974.02,1.38,5.55,0.82,901276,330202,870997,343756,543,871541,247027,72505,395655,188888,15263322,1215924,6335563,2170310,3300606,7.74,5.8,46.58,38.99,0.24,0.06,6.93,4205.61,0.79,339.92,0.44,0.03,0.6,0.06,18.23,001872
64,1.38,16.01,1.43,8.34,7.87,83.88,7.5,3.41,12.13,3.46,1.38,16.27,10.89,33.4,202.47,0.6,0.54,23.86,212.68,60.03,-2.52,39.97,29.66,45.48,150.22,118.33,42.6,83.43,206.16,147.69,167.9,86.04,33.99,104.99,8.56,9.99,0.12,2.15,-0.73,980706,157022,77200,25549,355,77555,72256,68235,310448,-23360,5320838,936996,3194361,1562189,2118670,3.48,4.68,57.69,8.4,0.15,0.19,32.15,1420.31,1.07,252.31,0.32,0.06,4.22,0.1,19.87,601872
65,1.49,60.58,1.52,37.55,26.64,35.65,16.06,2.4,6.68,2.01,1.49,62.67,32.23,-1.76,225.17,2.04,1.03,74.46,-1096.72,26.01,0.06,73.99,2.57,621.28,35.16,47.7,3.22,42.52,63.55,35.07,360.72,11.94,9.43,73.54,1.99,9.63,0.08,2.98,-0.13,20761,12578,5531,-153,55,5586,4058,3964,-3431,-7860,224492,118943,58399,58241,169228,2.42,11.05,24.44,0.14,0.48,0.09,1900.07,2845.1,0.19,1440,-0.17,-0.02,-1.03,-0.06,-5.89,000548
66,4.61,37.86,4.6,36.91,27.05,61.2,23.34,7.52,47.98,7.2,4.61,39.98,11.26,0.15,139.76,1.02,1.01,71.25,749.85,35.96,32.37,64.04,13.95,129.72,56.15,100.9,17.89,70.71,122.88,54.39,248.3,36.28,11.54,40.15,25.12,7.03,0.44,2.9,0.02,336070,127241,90901,-3,141,91042,72130,70886,121569,-35466,1700012,362193,611324,354863,959538,7.66,8.69,31.08,72.27,0.12,0.2,3.74,1370.56,0.91,295.31,0.36,0.07,1.55,0.2,34.26,000582
67,0.31,27.17,0.31,4.74,4.38,72.16,2.88,0.27,2.89,0.69,0.31,27.25,26.3,82.72,577.71,0.62,0.62,46.98,141.03,55.69,-0.11,44.31,1.8,77.94,125.67,158.74,3.9,70.65,165.17,101.36,222.62,53.1,12.26,872.03,30.79,34.46,0.01,3.15,0.02,102047,27724,4471,3642,327,4799,844,-1247,26267,27390,959204,257132,534156,413582,316652,0.27,4.4,61.41,33.06,0.14,0.11,8.17,2470.27,0.43,628.05,0.26,0.03,8.95,0.05,6.35,601008
68,7.5,61.83,7.66,136.41,68.63,37.72,55.86,11.55,60.93,12.75,7.5,75.85,12.06,26.43,90.26,2.06,2.06,195.64,1091.44,41.15,3.34,58.85,27.86,312.05,69.93,96.65,32.13,74.69,142.41,60.68,279.95,29.18,-4.45,-9.51,4.05,6.04,0.53,0,0.22,228050,141011,156510,41569,-274,156236,110773,109754,163478,48358,1697737,274934,698642,133311,958860,11.48,24.6,10.98,8999.15,0.14,0.14,0.03,1969.37,0.92,295.02,0.72,0.1,1.28,0.23,122.63,000429
69,2.35,15.51,2.75,12.1,10.94,84.22,8.38,8.29,54.02,7.65,2.35,15.01,6.98,34.32,140.14,0.67,0.64,21.38,407.73,69.31,-1.89,30.69,26.45,510.82,225.84,125.41,46.29,44.57,233.5,224,98.79,6.23,8.83,2.2,12.47,43.21,0.54,9.33,0.84,978587,160105,107041,35921,1238,108279,82203,79039,102745,-90855,3491823,989536,2420170,1477003,991663,8.49,20.39,13.24,12.54,3.17,0.33,21.53,822.67,1.2,225.17,0.11,0.03,1.25,0.04,6.96,000900
70,3.08,38.62,3.09,27.04,21.99,55.88,15.96,5.98,14.35,5.21,3.08,44.22,20.28,14.31,174.92,1.05,0.99,84.96,590.88,40.78,31.98,59.22,22.38,100.73,68.86,103.69,27.42,58.18,142.86,62.6,245.08,57.15,-3.85,-4.65,1.41,0.69,0.15,2.4,0.3,502555,194077,110513,15437,436,110949,85975,82066,222970,87571,2600413,400339,1060443,382144,1437191,6.05,63.16,4.27,14.17,0.22,0.19,19.06,1396.07,1.37,197.66,0.44,0.09,2.78,0.21,58.35,601326
71,1.77,6.73,1.92,5.69,2.93,92.86,4.55,3.3,24.53,3.32,1.77,7.11,5.27,47.9,120.14,1.23,0.96,42,426.53,46.47,3.42,53.53,18.8,134.64,86.8,97.69,25.99,76.43,132,79.65,212.82,39.13,-32.45,26.92,8.13,11.59,0.18,6.05,0.11,373575,25154,10930,22,10006,20937,12150,3558,31599,-3138,957785,280963,445047,228334,368224,3.28,22.17,12.18,4.54,0.67,0.42,59.52,639.36,1.36,198.44,0.08,0.03,1.86,0.07,13.84,600279
72,3.99,12.84,4.09,6.57,5.82,87.09,4.7,12.81,173.52,12.81,3.99,6.61,7.44,6.95,206.6,0.31,0.29,10.35,768.55,68.84,-0.21,31.16,4.88,62.55,220.89,248.71,13.55,54.83,287.69,122.22,260.84,44.35,2.17,-15.0,9.36,4.9,1.74,6.47,4.28,1475785,189465,85939,608,5768,91707,69409,59453,219698,-24363,1738149,179829,1196480,577133,541669,14.49,34.05,7.93,126.11,1.18,0.87,2.14,310.52,7.59,35.55,0.15,0.13,3.17,0.18,38.07,200152
73,6.82,28.16,6.82,28.3,21.98,71.62,18.21,12.22,10.75,12.09,6.82,27.71,6.47,0.79,127.12,1.24,1.08,60.67,704.42,43.59,7.49,56.41,27.29,53.12,77.27,97.33,32.6,63.85,144.42,74.76,237,103.59,19.15,142.24,19.66,0.22,0.11,1,0.09,296712,83569,65217,501,522,65739,53246,52424,66590,-10776,792002,146756,345216,117890,435621,13.11,8.12,33.23,11.56,0.24,0.37,23.36,720.96,2.16,125.05,0.22,0.08,1.23,0.19,56.48,601975
74,5.52,56.38,5.61,109.28,52.87,42.93,37.76,8.05,50.77,7.41,5.52,56.35,4.8,1.72,106.57,1.63,1.62,114.85,3193.17,25.43,1.65,74.57,11.46,1436.14,34.1,95.31,13.32,37.14,109.95,30.21,132.33,5.04,-0.86,-0.54,9.5,4.83,0.51,4.08,0.18,222978,125720,117886,1948,79,117965,84554,84400,146556,-52185,1524320,274468,387614,168748,1050088,8.2,527.25,0.68,167.46,1.84,0.15,1.61,1818.18,0.82,329.27,0.66,0.1,1.74,0.38,86.85,600012
75,2.96,52.05,3.09,81.57,53.5,47.19,40.92,7.48,46.31,7.31,2.96,55.41,18.57,38.06,95.93,0.54,0.37,13.77,470.79,59.55,-5.51,40.45,41.03,695.37,147.2,112.14,50.35,32.45,225.88,141.17,84.01,5.76,26.23,-34.9,2.72,27.26,0.44,3.75,0,544557,283447,291360,108340,4106,295466,212225,207648,358667,19414,7539806,650216,4489728,1212042,2836144,7.68,60.54,4.46,1.4,0.76,0.08,193.15,3571.43,0.78,345.67,0.66,0.05,1.61,0.08,29.59,600350
76,2.73,55.81,2.69,50.28,35.11,41.86,27.33,11.79,59.2,11.75,2.73,53.67,25.94,11.95,158.28,0.47,0.19,13.8,247.96,76.81,-2.92,23.19,38.6,63.69,331.15,143.02,62.47,97.44,381.05,273.61,84.56,83.24,18.43,35.56,-3.4,-0.16,0.52,1.54,0,486830,271719,170915,19768,751,171667,132506,126403,241073,-102476,4881319,567200,3749164,1213357,1123850,11.85,22.18,12.17,0.69,0.14,0.1,388.55,2743.9,0.84,320.78,0.5,0.05,1.81,0.06,19.87,600020
77,4,61.62,4.02,74.81,43.83,37.43,32.23,6.47,34.08,6.21,4,62.84,20.29,0.68,140.36,0.82,0.82,35.21,838.22,35.56,-12.75,64.44,23.36,165.07,55.18,104.12,26.6,60.84,141.85,52.41,238.25,40.23,23.43,50.63,7.3,21.31,0.35,6.54,1.26,36091,22238,15820,84,24,15844,11772,11462,23233,-20806,290826,24977,103415,30303,182059,6.57,7.15,37.78,93.71,0.22,0.12,2.88,2165.2,1.08,249.72,0.64,0.08,2,0.22,76.67,002930
78,1.88,9.07,1.88,15.57,14.27,90.29,12.28,3.38,10.79,3.38,1.88,6.86,9.64,88.95,57.91,3.06,3.06,248.78,448.82,44.23,1.39,55.77,27.35,127.7,79.32,85.15,32.91,53.61,126.92,66.16,271.05,34.33,-24.85,104.39,3.6,-0.67,0.11,2.59,0.41,41936,3803,5986,5260,581,6567,5150,3502,-92397,6842,273474,79915,120967,26093,152506,3.43,93.37,2.89,12802.23,0.33,0.15,0.01,1760.1,0.64,422.14,-2.2,-0.34,-17.94,-0.76,-354.1,600834
79,6.06,17.79,6.79,11.46,9.98,81.85,8.02,10.45,94.15,10.13,6.06,18.25,7.45,5.95,173.15,1.64,1.62,9.05,2077.57,40.23,0.61,59.77,10.42,248.68,67.3,80.21,14.85,64.01,94.2,62.07,239.41,23.68,46.82,37.55,13.85,41.83,0.95,6.99,0.08,179011,31853,17858,556,539,18396,14420,13719,8780,-8161,236989,103552,95331,63228,138026,10.98,3.08,87.71,171.56,2.56,0.85,1.57,318.77,1.67,161.39,0.05,0.04,0.61,0.09,13.89,603713
80,8.76,11.82,9.06,10.24,8.98,88.01,7.1,12.52,72.65,12.49,8.76,14.05,2.72,5.06,127.01,1.6,1.59,71.93,-3681.37,29.89,-0.57,70.11,1.37,214.61,42.64,119.21,3.53,75.26,74.99,42.22,168.89,19.04,41.01,-31.11,9.66,26.08,0.72,0.0,0.0,1565624,185017,140541,2246,5128,145669,110575,104880,105937,-131878,1269768,602189,379580,375794,883213,12.21,15.71,17.19,475.31,1.23,1.27,0.57,211.8,2.57,105.05,0.07,0.08,0.95,0.28,28.19,002468
81,6.97,33.3,7.1,50.9,37.63,66.18,28.29,10.38,76.15,10.38,6.97,42.36,7.9,1.71,87.71,1.62,1.52,124.41,1964.26,32.85,1.19,67.15,13.6,55.85,48.91,86.91,16.84,84.99,104.51,47.62,312.6,65.53,-0.15,3.9,-0.41,6.71,0.72,1.86,0.65,127262,42382,47894,401,428,48322,34431,22068,44132,52972,516322,153966,169595,94888,331702,10.25,37.08,7.28,11.89,0.39,0.25,22.71,1076.13,0.87,311.67,0.35,0.09,1.23,0.26,46.51,603167
82,2.64,45.99,2.68,91.74,68.21,52.96,61.93,3.46,14.54,3.51,2.64,45.24,20.6,63.56,67.18,2.7,2.7,120.65,1845.7,24.76,2.25,75.24,16.83,430.79,32.91,95.75,18.28,86.77,117.16,28.19,459.84,17.45,55.76,-13.23,8.38,8.4,0.12,2.28,0.05,45584,20962,31094,19723,109,31202,24130,24063,21717,-28501,1070401,126810,265040,46905,696774,3.51,15.57,17.34,164.95,0.15,0.04,1.64,6235.57,0.39,699.66,0.48,0.02,0.77,0.08,46.3,000088
83,1.2,19.18,1.23,9.29,8.95,80.38,7.55,2.06,19.73,2.71,1.2,20.13,15.13,54.97,215.11,0.58,0.52,29.35,183.46,55.78,-3.12,44.22,25.56,60.83,126.16,127.4,36.63,75.66,201.06,101.46,222.66,72.42,27,-82.82,1.23,4.96,0.14,6.54,0.23,1053078,201930,94208,51940,-336,93872,58280,59495,359170,23712,6643239,737114,3705800,1281911,2833605,2.05,9.33,28.93,10.41,0.15,0.16,25.93,1664.61,1.47,183.52,0.34,0.05,4.52,0.1,28.02,600026
84,2.83,43.86,2.93,57.55,31.45,55.83,29.79,6.45,42.83,5.89,2.83,42.96,17.35,27.72,103.72,1.04,0.73,33.13,444.4,51.96,3.14,48.04,2.41,82.88,108.18,155.47,4.77,69.84,163.26,48.34,429.49,61.73,6.38,25.11,7.5,7.69,0.43,4.8,0.47,335754,147275,105608,2969,36389,141997,100772,54419,136327,-45246,3536112,763069,1837530,735964,1561520,6.57,6.16,43.8,0.88,0.1,0.1,305.64,2746.69,0.5,535.29,0.41,0.04,1.36,0.07,18.52,600269
85,2.39,9.13,2.43,8.15,7.59,90.56,5.6,2.99,12.35,2.99,2.39,11.87,1.56,-1.33,121.32,1.09,1.05,30.74,4791.18,19.96,0,80.04,0,124.53,24.94,109.54,0,60.02,102.5,20.52,1121.35,64.41,7.07,-8.89,0.93,6.4,0.12,3.7,0.09,1561338,142626,118549,-574,-985,117564,87481,87749,220481,10740,3656405,656669,729802,600544,2930210,3,3.88,69.6,48.41,0.43,0.43,5.58,622.26,2.42,111.74,0.14,0.06,2.52,0.3,36.71,601333
86,7.68,44.56,7.86,78.51,59.53,54.74,53.26,19.9,75.67,20.08,7.68,48.1,20.71,8.65,74.54,2.09,0.62,33.22,543.41,61.73,2.99,38.27,40.55,72.94,161.32,93.88,51.45,74.96,193.37,138.43,187.54,51.04,28.35,195.01,24.16,6.58,0.76,3.46,-0.27,159922,71263,95204,7864,406,95610,85542,44564,53274,-38117,1108495,288245,684310,137703,429888,21.78,9.07,29.76,0.43,0.18,0.15,630.69,1830.51,0.5,542.28,0.33,0.05,0.63,0.08,38.69,600368
87,1.11,2.33,1.05,0.9,1.05,97.2,0.68,2.36,10.26,1.94,1.11,7.84,2.11,-8.96,258.31,1.55,1.33,30.32,284.59,43.16,0.09,56.84,1.59,97.24,75.94,88.48,2.72,54.16,90.95,57.79,263.82,0,21.27,235.91,5.24,-3.4,0.12,1.54,0.23,3324400,78173,35060,2451,-5133,29926,26377,11943,71019,-324285,2042808,986762,881708,638522,1115737,2.38,21.45,12.58,23.26,3.29,1.55,11.61,174.49,3.03,89.22,0.02,0.03,3.15,0.08,11.12,600787
88,6.83,7.43,8.48,6.68,5.79,92.4,5.08,8.01,63.48,8.93,6.83,7.61,2.56,19.3,116.92,3.06,3.04,43.78,-4426.6,23.45,0.01,76.55,0.39,816.57,30.63,36.48,0.5,56.18,38.5,30.11,403.98,9.45,0.45,7.15,15.84,6.81,0.63,4.58,0.21,333011,24744,19280,2200,1884,21163,14829,12513,9960,5928,247705,174694,58077,57106,185242,10.12,5.87,46.02,386.97,8.83,1.67,0.7,161.9,2.62,103.07,0.03,0.04,0.59,0.17,17.44,603967
89,3.68,5.64,3.64,4.74,4.64,94.1,3.97,7.63,29.93,7.6,3.68,6.33,4.51,37.97,120.26,1.54,1.54,54.29,1782.18,51.5,0.74,48.5,12.09,310.96,106.2,88.51,19.95,62.46,110.57,86.84,217.2,17.23,0.2,-5.97,7.05,-7.16,0.29,3.75,-0.01,5585457,315058,258962,96463,3012,261975,211731,185113,-17077,-564761,6014560,2789521,3097755,1805957,2774270,7.9,4.88,55.33,264.84,1.78,0.92,1.02,293.99,1.88,143.24,-0,-0,-0.08,-0.01,-0.95,601598
90,1.7,14.35,1.85,6.59,5.91,85.41,5.12,6.43,29.19,6.67,1.7,11.16,13.38,14.6,219.84,0.26,0.22,2.12,209.39,74.51,-0.07,25.49,1.44,33.69,292.3,346.26,5.35,71.34,365.84,109.08,357.42,74.41,6.28,-3.18,16.2,17.41,0.29,2.19,0.16,9340000,1339900,552400,31900,57100,609500,436700,389300,2070300,88800,28134300,1897000,20962600,7417600,6796600,7.48,45.91,5.88,36.73,0.68,0.36,7.35,748.96,5.35,50.45,0.22,0.07,4.33,0.1,27.91,600115
91,0.66,15.29,0.67,3.22,3.87,84.38,2.41,1.5,6.82,1.49,0.66,14.29,11.73,-1.05,492.08,0.52,0.46,9.83,170.37,55.63,-1.56,44.37,20.75,58.56,125.36,131.05,31.87,67.99,192.35,109.76,201.96,75.34,10.29,12.94,1.13,2.78,0.07,4,-0.11,607981,92974,23542,4449,-4647,18894,14687,17307,70100,-47855,2217120,324826,1233321,619674,982121,1.51,6.61,40.83,13.24,0.24,0.28,20.4,973.32,1.91,141.58,0.12,0.03,4.79,0.06,11.31,600428
92,4.1,27.23,4.04,28.85,23.48,72.35,17.67,5.12,24.83,6.36,4.1,27.85,8.74,-0.51,115.81,1.46,1.39,92.52,579.74,35.61,4.95,64.39,23.95,166.4,55.3,95.76,27.11,52.37,131.38,53.6,156.79,37.87,15.3,91.84,34.53,16.41,0.15,2.19,0.11,169566,46172,39819,-252,50,39869,18192,13380,56893,11162,731312,112655,260414,77291,355656,3.95,5.08,53.12,20.2,0.38,0.23,13.37,1180.07,1.53,176.85,0.34,0.08,1.9,0.22,73.61,600798
93,1.87,28.17,1.86,19.76,16.98,70.99,13.32,2.91,5.07,3.07,1.87,27.36,17.52,35.65,159.59,2.74,2.69,111.19,314.08,39.11,0.37,60.89,4.38,125.17,64.23,124.85,6.72,65.12,133.84,18.3,854.47,46.23,-8.57,16.72,1.78,-0.22,0.04,3.1,-0.02,490414,138170,83287,27573,3293,86580,54082,48472,92510,-308932,3498749,647491,1368391,236468,1860766,2.9,4.41,61.22,26.07,0.19,0.14,10.36,1935.48,0.61,441.39,0.19,0.03,1.42,0.07,39.12,601880
94,4.51,26.15,4.47,29.43,23.84,73.21,18.99,7.33,24.8,7.47,4.51,26.66,9.5,16.87,106.58,0.77,0.76,36.09,1408.21,39.66,-1.47,60.34,9.51,138.79,65.74,111.29,13.62,69.21,128.84,63.39,234.2,43.08,4.77,21.99,5.06,2.48,0.22,3.04,-0.03,1720233.0,449769.0,410093.0,59315.0,11892.0,421984.0,293660.0,231645.0,-37161.0,-322723.0,7246375.0,1613445.0,2874201.0,2082274.0,4008204.0,7.5,6.88,39.22,30.08,0.36,0.24,8.98,1146.5,0.99,272.42,-0.02,-0.01,-0.11,-0.01,-1.78,601018
95,1.75,14.63,2.01,8.39,7.98,84.93,6.78,2.77,17.41,2.83,1.75,15.72,10.9,48.68,181.19,1.13,1.05,66.79,382.61,38.29,2.73,61.71,8.22,211.13,62.04,106.59,11.75,71.04,120.78,49.69,318.66,29.44,39.12,0.06,76.13,34.41,0.17,2.97,-0.04,238824,34945,19060,9163,226,19287,14614,13883,11456,43519,927863,236275,355254,208304,526996,3.17,5.35,50.51,15.92,0.56,0.3,16.96,910.93,1.19,227.27,0.05,0.01,0.71,0.03,5.5,000507
96,4.92,11.23,4.81,5.97,5.47,88.56,4.87,7.27,2.92,7.27,4.92,44.72,7.14,30.67,196.29,1.36,1.3,49.96,-28210.59,32.27,0.0,67.73,0,558.95,47.65,100,0,90.76,92.19,40.76,3893.07,0,-5.92,-50.65,8.14,5.42,0.03,2.86,0,60705,6819,3318,910,156,3474,2954,2185,1795,-4581,59995,22535,19361,16563,40634,7.53,15.93,16.95,51.44,0.43,0.99,5.25,273.36,2.44,110.45,0.03,0.03,0.61,0.09,10.83,000520
97,4.92,46.09,4.83,56.27,36.04,53.35,26.83,8.05,30.45,8,4.92,69.88,10.31,2.99,127.58,1.02,0.84,41.68,742.01,38.47,31.28,61.53,11.51,88.01,62.52,113.76,15.76,69.42,135.04,45.59,117.69,93.23,-12.56,5.49,2.55,-2.76,0.3,1.63,0,192154,88572,69253,1906,171,69424,51764,49554,90317,-10592,1046902,177004,402727,173151,643335,8.05,4.54,59.5,3.31,0.17,0.18,81.49,1500.83,1.01,267.46,0.47,0.09,1.75,0.22,52.16,600035
98,0.89,11.24,0.91,3.39,3.28,88.47,2.67,2.34,7.61,2.37,0.89,12.22,9.03,17.48,338.84,0.22,0.18,5.42,145.51,62.45,-0.55,37.55,15.74,70.07,166.34,172.64,29.53,76.09,245,139.23,187.18,51.66,31.11,29.03,3.77,-0.02,0.07,2.63,0.05,571999,64270,18758,3106,210,18968,14843,10122,43322,-13328,1715693,137503,1071523,626893,633001,2.36,25.26,10.69,27.2,0.38,0.34,9.93,794.12,4.65,58.01,0.08,0.03,2.84,0.04,6.91,600190
99,1.43,9.59,1.45,2.06,2.07,90.08,1.49,2.21,9.64,2.76,1.43,26.18,6.48,-0.53,480.02,1.26,1.15,26.77,387.46,48.15,0.0,51.85,0.0,369.01,92.87,70.61,0.0,50.86,77.83,91.28,205.33,14.09,0.3,-27.25,0.53,7.18,0.07,1.29,0.8,236862,22705,4907,152,-177,4730,2431,544,1815,-15258,246539,147050,118713,116674,110086,2.25,4.15,65.12,17.5,25.85,0.97,15.43,277.72,1.6,168.69,0.01,0.01,0.51,0.02,1.56,300240
100,5.65,54.89,5.79,143.39,70.77,43.01,58,6.45,23.15,6.74,5.65,46.77,3.89,25.66,78.12,2.98,2.04,180.22,-1431.12,16.15,0,83.85,0,135.48,19.26,87.43,0,79.25,62.12,19.2,1102.76,0,-5.03,16.87,6.81,7.92,0.22,1.7,0,52514,28825,37165,9734,-267,36898,28459,28074,49173,25638,539184,258336,87075,86804,441351,6.53,108.48,2.49,0.26,0.11,0.1,1045.7,2702.7,0.21,1278.41,0.94,0.09,1.61,0.56,56.65,601188
101,1.26,60.5,1.24,24.97,20.87,39.08,16.76,9.47,23.74,9.47,1.26,62.5,39.64,-5.58,306.08,0.35,0.35,28.93,154.13,86.69,-3.06,13.31,52.56,14824.57,651.06,137.61,79.79,61.72,680.82,593.89,12.42,0.09,-48.7,-50.12,31.28,-5.94,0.24,4.77,0.29,66461,40208,13869,7732,-733,13136,11141,11873,44411,-22330,883909,82664,766221,234370,117688,10.11,6.72,40.18,386.06,54.49,0.07,0.7,3658.54,0.74,365.41,0.67,0.05,3.99,0.06,18.95,000755
102,3.5,24.12,3.56,28.82,24.78,73.74,17.39,4.02,23.82,4.08,3.5,27.36,1.69,0.55,107.89,1.73,1.73,127.82,-1556.92,14.3,0.0,85.7,0.0,161.2,16.68,110.54,0.0,64.15,88.81,16.07,1009.51,53.27,5.5,-16.78,3.18,2.5,0.23,4.26,0.39,280973,67766,69637,7168,-6825,62812,48002,54000,83998,-20375,1397581,333877,199811,192471,1194965,4.06,5.55,48.67,307.49,0.25,0.2,0.88,1317.72,0.77,352.3,0.3,0.06,1.72,0.42,43.64,000089
103,5.39,15.82,5.46,16.66,15.41,83.64,13.92,6.22,45.29,6.76,5.39,18.67,11.49,61.39,99.29,2.44,2.21,166.72,-2860.2,20.23,0,79.77,0.01,427.08,25.36,87.09,0.02,44.02,84.64,16.71,729.75,18.43,1.24,0.64,3.82,2.64,0.38,3.92,0.04,179496,28404,27661,16617,947,28608,21186,18844,19068,13259,463345,150499,93740,61767,340684,6.32,13.87,19.47,9.04,1.33,0.39,29.87,687.72,1.21,223.25,0.11,0.04,0.76,0.2,30.87,900914
104,5.39,15.82,5.46,16.66,15.41,83.64,13.92,6.22,45.29,6.76,5.39,18.67,11.49,61.39,99.29,2.44,2.21,166.72,-2860.2,20.23,0,79.77,0.01,427.08,25.36,87.09,0.02,44.02,84.64,16.71,729.75,18.43,1.24,0.64,3.82,2.64,0.38,3.92,0.04,179496,28404,27661,16617,947,28608,21186,18844,19068,13259,463345,150499,93740,61767,340684,6.32,13.87,19.47,9.04,1.33,0.39,29.87,687.72,1.21,223.25,0.11,0.04,0.76,0.2,30.87,600650
105,6.53,16.12,6.33,15.95,14.27,83.49,11.33,9.12,15.87,8.5,6.53,27.52,4.26,8.6,114.69,4.03,3.57,133.54,1264.52,23.18,2.06,76.82,11.92,117.31,30.18,90.24,20.18,57.53,73.35,14.09,189.18,40.17,57.24,425.9,8.49,-9.17,0.15,1.07,0.59,169763,27364,24231,2423,-371,23860,18004,17168,26980,7126,294573,128585,68288,31875,197337,9.52,87.24,3.09,13.3,0.76,0.56,20.29,483.09,1.28,210.86,0.16,0.09,1.4,0.4,84.64,600794
106,4.29,36.64,4.67,106.03,96.64,61.89,72.65,7.48,365.12,7.33,4.29,38.16,27.84,39.5,37.89,0.56,0.55,38.94,676.16,41.51,-0.79,58.49,4.95,347.87,70.96,145.06,7.81,61.49,157.35,32.78,446.19,16.91,404.75,956.23,1491.42,1974.02,1.38,5.55,0.82,901276,330202,870997,343756,543,871541,247027,72505,395655,188888,15263322,1215924,6335563,2170310,3300606,7.74,5.8,46.58,38.99,0.24,0.06,6.93,4205.61,0.79,339.92,0.44,0.03,0.6,0.06,18.23,201872
107,2.68,26.32,2.73,22.22,19.17,73.54,13.72,4.87,25.92,4.7,2.68,25.64,12.53,0.03,137.42,1.62,1.41,74.54,459.31,42.91,0.36,57.09,5.84,142.2,75.17,92.25,9.28,53.5,101.69,55.56,310.35,39.0,15.79,62.23,5.99,6.99,0.26,3.49,0.22,114511,30144,21954,23,-17,21936,15686,15064,55366,13980,585058,245424,251065,151400,321788,4.98,1.86,145.31,2.6,0.3,0.2,104.01,1357.47,0.51,527.14,0.48,0.09,3.53,0.22,36.57,000099
108,1.25,7.39,1.24,2.57,1.75,92.28,1.8,1.74,10.92,1.8,1.25,7.83,5.66,45.33,292.56,2.46,1.96,98.72,2378.56,30.72,0.16,69.28,5.55,265.01,44.35,54.54,7.42,49.4,58.91,42.69,324.86,26.51,-12.85,-54.27,3.56,1.29,0.1,3.52,0.09,624696,46137,10921,2300,4850,15770,10082,3948,35842,40448,901200,533441,276877,216486,580900,1.74,4.48,60.31,4.99,1.73,0.69,54.14,393.01,1.17,231.05,0.06,0.04,3.19,0.13,16.56,600676
109,4.47,26.7,4.64,47.51,43.36,67.72,33.46,7.59,31.61,7.74,4.47,33.58,17.85,20.11,61.65,1.83,1.12,37.8,1341.36,42.29,0.12,57.71,3.11,438.16,73.29,69.36,5.12,66.54,73.1,60.17,266.01,13.16,-4.64,21.52,4.92,6.51,0.29,3.48,0.03,223351,69919,96851,19584,-132,96719,69249,25255,-63447,-56748,1672506,966934,707330,528723,912858,7.76,15.72,17.18,0.45,0.73,0.14,594.58,1948.05,0.26,1026.23,-0.28,-0.04,-0.85,-0.09,-12,900903
110,5.35,48.53,5.5,82.24,54.53,50.59,55.66,11.95,106.83,11.34,5.35,47.81,14.97,35.45,88.83,1.09,1.01,75.93,584.58,52.83,16.62,47.17,20.97,2533.87,112,123.58,30.78,45.34,178.53,75.26,128.01,1.91,1.09,41.52,22.55,-1.84,0.99,4.45,0.19,418541,203138,228245,80625,430,228675,215098,192663,128555,45862,4355695,687593,2301123,632628,1799580,12.1,17.87,15.11,3.85,3.31,0.1,70.05,2730.03,0.58,464.72,0.31,0.03,0.55,0.06,20.32,600548
111,9.82,14.23,10.22,12.1,11.02,85.62,7.94,15.32,86.46,15.06,9.82,15.14,3.89,5.05,131.16,1.46,1.45,24.03,102980.89,34.77,0,65.23,0,259.86,53.31,86.2,0,73.44,76.68,52.46,242.61,25.02,162.26,-1.07,17.84,19.3,0.88,3.03,0.16,2425347,345125,267152,17303,-4024,263128,195522,178515,259668,-30803,1960198,979721,681590,670788,1276153,16.01,38.28,7.05,382.47,3.32,1.29,0.71,209.76,2.43,111.14,0.11,0.13,1.35,0.38,38.71,002120
